{
  "$schema": "./node_modules/@angular-devkit/core/src/workspace/workspace-schema.json",
  "version": 1,
  "newProjectRoot": "projects",
  "defaultProject": "mdb-angular-pro",
  "projects": {
    "mdb-angular-pro": {
      "root": "",
      "projectType": "application",
      "prefix": "app",
      "architect": {
        "build": {
          "builder": "@angular-devkit/build-angular:browser",
          "options": {
            "outputPath": "dist/mdb-angular-pro",
            "index": "src/index.html",
            "main": "src/main.ts",
            "polyfills": "src/polyfills.ts",
            "tsConfig": "src/tsconfig.app.json",
            "assets": [{
                "glob": "favicon.ico",
                "input": "src",
                "output": "/"
              },
              {
                "glob": "**/*",
                "input": "src/assets",
                "output": "/assets"
              }
            ],
            "styles": [{
                "input": "node_modules/font-awesome/scss/font-awesome.scss"
              },
              {
                "input": "node_modules/ng-uikit-pro-standard/assets/scss/bootstrap/bootstrap.scss"
              },
              {
                "input": "node_modules/ng-uikit-pro-standard/assets/scss/mdb.scss"
              },
              {
                "input": "src/styles.scss"
              }
            ],
            "scripts": [{
                "input": "node_modules/chart.js/dist/Chart.js"
              },
              {
                "input": "node_modules/easy-pie-chart/dist/easypiechart.js"
              },
              {
                "input": "node_modules/screenfull/dist/screenfull.js"
              },
              {
                "input": "node_modules/hammerjs/hammer.min.js"
              }
            ]
          },
          "configurations": {
            "production": {
              "fileReplacements": [{
                "replace": "src/environments/environment.ts",
                "with": "src/environments/environment.prod.ts"
              }],
              "optimization": true,
              "outputHashing": "all",
              "sourceMap": false,
              "extractCss": true,
              "namedChunks": false,
              "aot": true,
              "extractLicenses": true,
              "vendorChunk": false,
              "buildOptimizer": true
            }
          }
        },
        "serve": {
          "builder": "@angular-devkit/build-angular:dev-server",
          "options": {
            "browserTarget": "mdb-angular-pro:build"
          },
          "configurations": {
            "production": {
              "browserTarget": "mdb-angular-pro:build:production"
            }
          }
        },
        "extract-i18n": {
          "builder": "@angular-devkit/build-angular:extract-i18n",
          "options": {
            "browserTarget": "mdb-angular-pro:build"
          }
        },
        "test": {
          "builder": "@angular-devkit/build-angular:karma",
          "options": {
            "main": "src/test.ts",
            "polyfills": "src/polyfills.ts",
            "tsConfig": "src/tsconfig.spec.json",
            "karmaConfig": "src/karma.conf.js",
            "styles": [{
              "input": "styles.scss"
            }],
            "scripts": [],
            "assets": [{
                "glob": "favicon.ico",
                "input": "src/",
                "output": "/"
              },
              {
                "glob": "**/*",
                "input": "src/assets",
                "output": "/assets"
              }
            ]
          }
        },
        "lint": {
          "builder": "@angular-devkit/build-angular:tslint",
          "options": {
            "tsConfig": [
              "src/tsconfig.app.json",
              "src/tsconfig.spec.json"
            ],
            "exclude": [
              "**/node_modules/**"
            ]
          }
        }
      }
    },
    "mdb-angular-pro-e2e": {
      "root": "e2e/",
      "projectType": "application",
      "architect": {
        "e2e": {
          "builder": "@angular-devkit/build-angular:protractor",
          "options": {
            "protractorConfig": "e2e/protractor.conf.js",
            "devServerTarget": "mdb-angular-pro:serve"
          }
        },
        "lint": {
          "builder": "@angular-devkit/build-angular:tslint",
          "options": {
            "tsConfig": "e2e/tsconfig.e2e.json",
            "exclude": [
              "**/node_modules/**"
            ]
          }
        }
      }
    }
  },
  "schematics": {
    "@schematics/angular:component": {
      "styleext": "scss"
    }
  }
}
